mutant,time_start,time_end,dG avg. (kcal/mol),dg std. (kcal/mol)
v14g,10000,100000,10.97926881601548,0.26224821654815733
t16g,10000,100000,24.355275418562535,0.5714623966882558
q18g,10000,100000,66.71422543296794,0.3999892719338477
i19g,10000,100000,-5.428798948046277,0.5732987592681332
t16g_i19g,10000,100000,16.415534484240915,1.4402562283684308
