mutant,time_start,time_end,dG avg. (kcal/mol),dg std. (kcal/mol)
v14g,10000,100000,9.627874338657442,0.44333546136474516
t16g,10000,100000,21.712816600577106,0.63249274274926
q18g,10000,100000,66.35352412402055,0.4662286798573981
i19g,10000,100000,-8.780075560935556,0.6924638139374679
t16g_i19g,10000,100000,12.970156832341885,0.6367259095225671
