mutant,time_start,time_end,dG avg. (kcal/mol),dg std. (kcal/mol)
v14g,10000,100000,9.66484449968991,0.3012075078079896
t16g,10000,100000,21.766256833684256,0.1939284716698145
q18g,10000,100000,66.628610198274,0.7359483462307249
i19g,10000,100000,-8.887505636187054,0.5826685964442548
t16g_i19g,10000,100000,13.128703141374354,0.49975575537961925
