,mutant,dG avg. (kcal/mol),dg std. (kcal/mol),time_start_perc,time_end_perc
0,v14g,8.748000000000001,0.9120964861241382,0,10.0
1,v14g,8.696,0.9852563118295665,0,20.0
2,v14g,8.709999999999999,0.9978226295289156,0,30.0
3,v14g,8.664,1.046651804565396,0,40.0
4,v14g,8.662000000000003,1.082021256722806,0,50.0
5,v14g,8.626,1.075769492038141,0,60.0
6,v14g,8.616,1.0366918539276755,0,70.0
7,v14g,8.598,0.9951733517332545,0,80.0
8,v14g,8.612,0.9957007582602314,0,90.0
9,v14g,8.654,0.9846217547870856,0,100.0
10,t16g,20.798,0.6536206851071955,0,10.0
11,t16g,20.785999999999998,0.6588095324143382,0,20.0
12,t16g,20.72,0.5048762224545733,0,30.0
13,t16g,20.737999999999996,0.3872596028505945,0,40.0
14,t16g,20.716,0.376868677393068,0,50.0
15,t16g,20.724,0.3367194678066597,0,60.0
16,t16g,20.764,0.32493076185550734,0,70.0
17,t16g,20.833999999999996,0.2475479751482525,0,80.0
18,t16g,20.836000000000002,0.18782971010998256,0,90.0
19,t16g,20.834,0.19692638218379943,0,100.0
20,q18g,64.148,0.32889207956410466,0,10.0
21,q18g,64.058,0.31188138771013596,0,20.0
22,q18g,63.902,0.3015294347157493,0,30.0
23,q18g,63.824,0.26912822222873467,0,40.0
24,q18g,63.782,0.2914103635768617,0,50.0
25,q18g,63.806,0.29432974705251674,0,60.0
26,q18g,63.910000000000004,0.5295753015388813,0,70.0
27,q18g,63.938,0.600224957828316,0,80.0
28,q18g,63.926,0.5789473205741578,0,90.0
29,q18g,63.928,0.5676002114164506,0,100.0
30,i19g,-10.224,2.2588337698910035,0,10.0
31,i19g,-9.896,2.541009641854985,0,20.0
32,i19g,-9.9,2.545653157835922,0,30.0
33,i19g,-9.937999999999999,2.4671380180281766,0,40.0
34,i19g,-9.888,2.3330816530931786,0,50.0
35,i19g,-9.886,2.3253236333895546,0,60.0
36,i19g,-9.87,2.3290448686103065,0,70.0
37,i19g,-9.756,2.3197047225886314,0,80.0
38,i19g,-9.714,2.298767060839354,0,90.0
39,i19g,-9.725999999999999,2.29607926692438,0,100.0
40,t16g_i19g,8.825999999999999,0.8794202635827767,0,10.0
41,t16g_i19g,9.152000000000001,0.8791871245645037,0,20.0
42,t16g_i19g,9.834,1.4343395692791858,0,30.0
43,t16g_i19g,9.969999999999999,1.275695888525161,0,40.0
44,t16g_i19g,10.146,1.1927615017261413,0,50.0
45,t16g_i19g,10.5,0.9983736775376242,0,60.0
46,t16g_i19g,10.495999999999999,0.9941981693807327,0,70.0
47,t16g_i19g,10.494,0.9908481215605146,0,80.0
48,t16g_i19g,10.52,0.9628862861210559,0,90.0
49,t16g_i19g,10.536,0.9464037193502568,0,100.0
