,mutant,dG avg. (kcal/mol),dg std. (kcal/mol),time_start_perc,time_end_perc
0,v14g,7.008,0.42127188370457397,0,10.0
1,v14g,7.0200000000000005,0.5692538976590324,0,20.0
2,v14g,7.08,0.5991660871578095,0,30.0
3,v14g,7.05,0.5309425580983315,0,40.0
4,v14g,7.010000000000001,0.5111262075065219,0,50.0
5,v14g,6.9319999999999995,0.5062805546334955,0,60.0
6,v14g,6.964,0.4723663832238699,0,70.0
7,v14g,6.9079999999999995,0.36375816142046885,0,80.0
8,v14g,6.874,0.3180094338223317,0,90.0
9,v14g,6.876,0.3433365695640359,0,100.0
10,t16g,17.554,0.766537670307207,0,10.0
11,t16g,17.607999999999997,0.8327484614215745,0,20.0
12,t16g,17.286,0.8795623911923474,0,30.0
13,t16g,17.228,0.9070942619154855,0,40.0
14,t16g,17.214,0.9492260004867128,0,50.0
15,t16g,17.188,0.9621434404495,0,60.0
16,t16g,17.083999999999996,1.0006647790344183,0,70.0
17,t16g,17.092000000000002,1.0677406052033427,0,80.0
18,t16g,17.107999999999997,1.1446265766615762,0,90.0
19,t16g,17.204,1.2489715769384035,0,100.0
20,q18g,64.03200000000001,0.4057955150072529,0,10.0
21,q18g,63.94199999999999,0.25489213404889494,0,20.0
22,q18g,63.926,0.3435549446595114,0,30.0
23,q18g,63.824,0.4434861891874416,0,40.0
24,q18g,63.724000000000004,0.418903330137156,0,50.0
25,q18g,63.676,0.4942469018618126,0,60.0
26,q18g,63.688,0.47829906962067026,0,70.0
27,q18g,63.65,0.4751315607281848,0,80.0
28,q18g,63.61600000000001,0.4399772721402791,0,90.0
29,q18g,63.58800000000001,0.4209750586436222,0,100.0
30,i19g,-11.997999999999998,1.7553831490589173,0,10.0
31,i19g,-11.612,1.5324066040056075,0,20.0
32,i19g,-11.764,1.6955618537818073,0,30.0
33,i19g,-12.184,1.3974727188750413,0,40.0
34,i19g,-12.174000000000001,1.4632942287865414,0,50.0
35,i19g,-12.075999999999999,1.538336764170966,0,60.0
36,i19g,-12.051999999999998,1.600224984181912,0,70.0
37,i19g,-11.93,1.689630137041832,0,80.0
38,i19g,-11.802,1.73832390537552,0,90.0
39,i19g,-11.734,1.8521015090971664,0,100.0
40,t16g_i19g,7.15,1.251379239079824,0,10.0
41,t16g_i19g,7.031999999999999,1.1561660780355045,0,20.0
42,t16g_i19g,7.4,1.016439865412608,0,30.0
43,t16g_i19g,7.394,1.0768611795398697,0,40.0
44,t16g_i19g,7.1659999999999995,1.0870510567586051,0,50.0
45,t16g_i19g,6.973999999999999,1.3250584892750958,0,60.0
46,t16g_i19g,7.116,1.408289742915143,0,70.0
47,t16g_i19g,7.132,1.400257119246319,0,80.0
48,t16g_i19g,7.211999999999999,1.421309255580924,0,90.0
49,t16g_i19g,7.298,1.3969144569371454,0,100.0
