,mutant,dG avg. (kcal/mol),dg std. (kcal/mol),time_start_perc,time_end_perc
0,v14g,7.287999999999999,0.7690708679959214,0,10.0
1,v14g,6.975999999999999,0.5015775114576011,0,20.0
2,v14g,6.781999999999999,0.35109827683997563,0,30.0
3,v14g,6.752,0.39688789349134823,0,40.0
4,v14g,6.696000000000001,0.4654889902027758,0,50.0
5,v14g,6.676,0.5146163619629675,0,60.0
6,v14g,6.6739999999999995,0.4708821508615506,0,70.0
7,v14g,6.675999999999999,0.4989288526433403,0,80.0
8,v14g,6.75,0.49239212016440753,0,90.0
9,v14g,6.858,0.5035573452944561,0,100.0
10,t16g,18.360000000000003,0.7385458685823105,0,10.0
11,t16g,18.544,0.7886570864450543,0,20.0
12,t16g,18.630000000000003,0.8166700680201275,0,30.0
13,t16g,18.666,0.822848710274252,0,40.0
14,t16g,18.736,0.8198658426840334,0,50.0
15,t16g,18.77,0.83642094665306,0,60.0
16,t16g,18.766,0.830349324079932,0,70.0
17,t16g,18.766,0.8092774555120139,0,80.0
18,t16g,18.774,0.8344039788975127,0,90.0
19,t16g,18.762,0.8617250141431426,0,100.0
20,q18g,64.01599999999999,0.8584462708871197,0,10.0
21,q18g,63.727999999999994,0.6394294331667885,0,20.0
22,q18g,63.638,0.6849963503552425,0,30.0
23,q18g,63.617999999999995,0.4710838566539934,0,40.0
24,q18g,63.452,0.2997832550360336,0,50.0
25,q18g,63.39200000000001,0.23199137915017554,0,60.0
26,q18g,63.35999999999999,0.27739863013360405,0,70.0
27,q18g,63.326,0.28544701785094845,0,80.0
28,q18g,63.324,0.26510375327407065,0,90.0
29,q18g,63.358000000000004,0.22917242417009961,0,100.0
30,i19g,-10.056000000000001,1.26533789953514,0,10.0
31,i19g,-10.078,1.0851589745286168,0,20.0
32,i19g,-10.108,1.0940383905512638,0,30.0
33,i19g,-10.096,1.074955813045355,0,40.0
34,i19g,-10.126,1.07397858451647,0,50.0
35,i19g,-10.116,0.9959568263735126,0,60.0
36,i19g,-9.72,0.6333640343435996,0,70.0
37,i19g,-9.73,0.788003807097402,0,80.0
38,i19g,-9.594,0.8771145877250016,0,90.0
39,i19g,-9.623999999999999,0.8651473862874465,0,100.0
40,t16g_i19g,7.678,0.4590969396543611,0,10.0
41,t16g_i19g,7.3740000000000006,0.7306367086315881,0,20.0
42,t16g_i19g,7.287999999999999,0.643793445135938,0,30.0
43,t16g_i19g,7.394,0.642635199782894,0,40.0
44,t16g_i19g,7.564,0.854973683805531,0,50.0
45,t16g_i19g,7.648000000000001,0.6894345509183598,0,60.0
46,t16g_i19g,7.856,0.6333877169633145,0,70.0
47,t16g_i19g,7.942000000000002,0.6828396590708538,0,80.0
48,t16g_i19g,7.932,0.7117373110916697,0,90.0
49,t16g_i19g,7.892,0.7258925540326203,0,100.0
