,mutant,dG avg. (kcal/mol),dg std. (kcal/mol),time_start_perc,time_end_perc
0,v14g,8.6,0.9746794344808962,10.0,100
1,v14g,8.626,0.9663746685421756,20.0,100
2,v14g,8.62,0.9687620966986685,30.0,100
3,v14g,8.7,1.0287613911884526,40.0,100
4,v14g,8.392000000000001,1.1528963526700913,50.0,100
5,v14g,8.413999999999998,1.162123057167355,60.0,100
6,v14g,8.39,1.1311056537742172,70.0,100
7,v14g,8.426,1.2025930317443223,80.0,100
8,v14g,8.878,0.6857623495060078,90.0,100
9,t16g,20.752,0.32835955902029085,10.0,100
10,t16g,20.662,0.41487347468836894,20.0,100
11,t16g,20.613999999999997,0.49424690186181336,30.0,100
12,t16g,20.636000000000003,0.4912534987152759,40.0,100
13,t16g,20.66,0.5007494383421709,50.0,100
14,t16g,20.668,0.5355091035640757,60.0,100
15,t16g,20.598,0.6483594681964616,70.0,100
16,t16g,20.538,0.624715935445862,80.0,100
17,t16g,20.512,0.8882961217972307,90.0,100
18,q18g,63.914,0.6522499520889184,10.0,100
19,q18g,63.907999999999994,0.6723986912539286,20.0,100
20,q18g,63.95400000000001,0.7664398215124278,30.0,100
21,q18g,63.998000000000005,0.8089622982562327,40.0,100
22,q18g,64.042,0.8222347596641726,50.0,100
23,q18g,64.05199999999999,0.8750828532201934,60.0,100
24,q18g,63.977999999999994,0.7057053209378561,70.0,100
25,q18g,63.85799999999999,0.385447791536024,80.0,100
26,q18g,63.94,0.4610314522893188,90.0,100
27,i19g,-9.185999999999998,1.5450663416177313,10.0,100
28,i19g,-9.432,1.3575971420123132,20.0,100
29,i19g,-9.408000000000001,1.346428609321712,30.0,100
30,i19g,-9.288,1.541369520913139,40.0,100
31,i19g,-9.16,1.3864523071494386,50.0,100
32,i19g,-9.202,1.4111945294678545,60.0,100
33,i19g,-9.086,1.4838059172277216,70.0,100
34,i19g,-9.55,1.895006596294588,80.0,100
35,i19g,-10.081999999999999,2.5419618407836104,90.0,100
36,t16g_i19g,11.613999999999999,1.1689653544908847,10.0,100
37,t16g_i19g,11.758000000000001,1.2130004122010845,20.0,100
38,t16g_i19g,11.648,1.1563390506248585,30.0,100
39,t16g_i19g,11.767999999999999,0.9984588123703455,40.0,100
40,t16g_i19g,11.684000000000001,1.124424297140541,50.0,100
41,t16g_i19g,10.766,1.0623464594942649,60.0,100
42,t16g_i19g,10.928,0.8520680723979747,70.0,100
43,t16g_i19g,10.713999999999999,0.931090758197073,80.0,100
44,t16g_i19g,11.008,1.5729494588193222,90.0,100
