,mutant,dG avg. (kcal/mol),dg std. (kcal/mol),time_start_perc,time_end_perc
0,v14g,6.863999999999999,0.3727331485124444,10.0,100
1,v14g,6.794,0.36773631857623207,20.0,100
2,v14g,6.634,0.5709903676945871,30.0,100
3,v14g,6.517999999999999,0.7908033889659299,40.0,100
4,v14g,6.442,0.9833209038762472,50.0,100
5,v14g,6.506,1.0592119712314432,60.0,100
6,v14g,6.5,1.0149384217774,70.0,100
7,v14g,6.614,1.1050927562879056,80.0,100
8,v14g,6.782000000000001,1.4783504320694738,90.0,100
9,t16g,16.802,1.7754914812524443,10.0,100
10,t16g,16.586000000000002,2.1394228193603992,20.0,100
11,t16g,16.606,2.2373153555098124,30.0,100
12,t16g,16.562,2.4032207555694916,40.0,100
13,t16g,16.578,2.4604308565777657,50.0,100
14,t16g,16.688,2.5345749150498595,60.0,100
15,t16g,16.59,2.721314020836258,70.0,100
16,t16g,16.482,2.8679121325452077,80.0,100
17,t16g,16.3,3.5880565770344264,90.0,100
18,q18g,63.507999999999996,0.4543346784034896,10.0,100
19,q18g,63.43399999999999,0.5359384292994854,20.0,100
20,q18g,63.266,0.5965148782721185,30.0,100
21,q18g,63.27,0.5640921910468182,40.0,100
22,q18g,63.251999999999995,0.4991192242340493,50.0,100
23,q18g,63.214,0.4166293316606507,60.0,100
24,q18g,63.15,0.40292679235811446,70.0,100
25,q18g,63.251999999999995,0.39989998749687533,80.0,100
26,q18g,63.30800000000001,0.4626769931604547,90.0,100
27,i19g,-11.722,2.020561803063693,10.0,100
28,i19g,-11.68,2.0455317157159896,20.0,100
29,i19g,-11.702000000000002,2.140203261374957,30.0,100
30,i19g,-11.234,2.6339096415784655,40.0,100
31,i19g,-11.104,2.711167645130046,50.0,100
32,i19g,-11.021999999999998,2.750521768683171,60.0,100
33,i19g,-10.963999999999999,2.7331995902238826,70.0,100
34,i19g,-10.878,2.7846220569405826,80.0,100
35,i19g,-10.548,3.012535476969524,90.0,100
36,t16g_i19g,7.18,1.934153561638786,10.0,100
37,t16g_i19g,7.056,2.1857104108275647,20.0,100
38,t16g_i19g,6.970000000000001,2.4458434128128483,30.0,100
39,t16g_i19g,7.008000000000001,2.4793184547371077,40.0,100
40,t16g_i19g,7.244,2.6845260289295014,50.0,100
41,t16g_i19g,7.4239999999999995,2.5085115108366556,60.0,100
42,t16g_i19g,7.087999999999999,2.1561702159152465,70.0,100
43,t16g_i19g,7.192,2.168517927064473,80.0,100
44,t16g_i19g,7.720000000000001,1.9965845837329308,90.0,100
